Typhoon,ZEKE,1,8:50,12-Jul-91,22:40,12-Jul-91,13 50
Typhoon,ZEKE,3,22:40,12-Jul-91,7:10,13-Jul-91,08 30
Typhoon (Super Typhoon),AMY,1,22:45,18-Jul-91,11:10,19-Jul-91,12 25
Typhoon (Super Typhoon),AMY,3,11:10,19-Jul-91,10:10,20-Jul-91,23 00
Severe Tropical Storm,BRENDAN,1,22:10,22-Jul-91,10:00,23-Jul-91,11 50
Severe Tropical Storm,BRENDAN,3,10:00,23-Jul-91,21:00,23-Jul-91,11 00
Severe Tropical Storm,BRENDAN,8 NE,21:00,23-Jul-91,3:20,24-Jul-91,06 20
Severe Tropical Storm,BRENDAN,8 SE,3:20,24-Jul-91,10:00,24-Jul-91,06 40
Severe Tropical Storm,BRENDAN,3,10:00,24-Jul-91,15:10,24-Jul-91,05 10
Typhoon,FRED,1,23:15,13-Aug-91,19:10,14-Aug-91,19 55
Typhoon,FRED,3,19:10,14-Aug-91,5:00,16-Aug-91,33 50
Severe Tropical Storm,JOEL,1,21:45,3-Sep-91,22:30,4-Sep-91,24 45
Severe Tropical Storm,JOEL,3,22:30,4-Sep-91,9:30,7-Sep-91,59 00
Typhoon (Severe Typhoon),NAT,1,19:30,16-Sep-91,11:15,18-Sep-91,39 45
Typhoon (Severe Typhoon),NAT,1,13:30,23-Sep-91,14:30,25-Sep-91,49 00
Typhoon (Severe Typhoon),NAT,1,21:45,29-Sep-91,22:40,30-Sep-91,24 55
Typhoon,CHUCK,1,8:50,27-Jun-92,20:15,27-Jun-92,11 25
Typhoon,CHUCK,3,20:15,27-Jun-92,14:00,28-Jun-92,17 45
Typhoon,ELI,1,20:30,11-Jul-92,10:00,12-Jul-92,13 30
Typhoon,ELI,3,10:00,12-Jul-92,9:45,13-Jul-92,23 45
Tropical Storm,FAYE,1,9:00,17-Jul-92,23:50,17-Jul-92,14 50
Tropical Storm,FAYE,3,23:50,17-Jul-92,16:05,18-Jul-92,16 15
Severe Tropical Storm,GARY,1,22:30,20-Jul-92,15:45,21-Jul-92,17 15
Severe Tropical Storm,GARY,3,15:45,21-Jul-92,5:45,22-Jul-92,14 00
Severe Tropical Storm,GARY,8 NE,5:45,22-Jul-92,11:00,22-Jul-92,05 15
Severe Tropical Storm,GARY,8 SE,11:00,22-Jul-92,16:15,22-Jul-92,05 15
Severe Tropical Storm,GARY,3,16:15,22-Jul-92,18:50,22-Jul-92,02 35
Tropical Storm,MARK,1,10:15,16-Aug-92,11:30,17-Aug-92,25 15
Typhoon (Severe Typhoon),KORYN,1,15:10,26-Jun-93,3:30,27-Jun-93,12 20
Typhoon (Severe Typhoon),KORYN,3,3:30,27-Jun-93,10:30,27-Jun-93,07 00
Typhoon (Severe Typhoon),KORYN,8 NE,10:30,27-Jun-93,16:30,27-Jun-93,06 00
Typhoon (Severe Typhoon),KORYN,8 SE,16:30,27-Jun-93,22:25,27-Jun-93,05 55
Typhoon (Severe Typhoon),KORYN,3,22:25,27-Jun-93,4:15,28-Jun-93,05 50
Severe Tropical Storm,LEWIS,1,0:05,10-Jul-93,22:00,10-Jul-93,21 55
Typhoon,TASHA,1,16:15,18-Aug-93,10:45,19-Aug-93,18 30
Typhoon,TASHA,3,10:45,19-Aug-93,16:00,20-Aug-93,29 15
Typhoon,TASHA,8 SE,16:00,20-Aug-93,0:30,21-Aug-93,08 30
Typhoon,TASHA,3,0:30,21-Aug-93,9:40,21-Aug-93,09 10
Tropical Storm,WINONA,1,22:30,25-Aug-93,15:45,26-Aug-93,17 15
Typhoon (Severe Typhoon),ABE,1,9:50,12-Sep-93,7:50,14-Sep-93,46 00
Severe Tropical Storm,BECKY,1,9:30,16-Sep-93,22:30,16-Sep-93,13 00
Severe Tropical Storm,BECKY,3,22:30,16-Sep-93,2:50,17-Sep-93,04 20
Severe Tropical Storm,BECKY,8 NE,2:50,17-Sep-93,7:30,17-Sep-93,04 40
Severe Tropical Storm,BECKY,8 SE,7:30,17-Sep-93,15:10,17-Sep-93,07 40
Severe Tropical Storm,BECKY,3,15:10,17-Sep-93,17:00,17-Sep-93,01 50
Typhoon,DOT,3,16:15,25-Sep-93,9:15,26-Sep-93,17 00
Typhoon,DOT,8 SE,9:15,26-Sep-93,16:00,26-Sep-93,06 45
Typhoon,DOT,3,16:00,26-Sep-93,18:00,26-Sep-93,02 00
Tropical Depression,no name,1,16:45,12-Oct-93,16:45,13-Oct-93,24 00
Typhoon (Severe Typhoon),IRA,1,15:50,2-Nov-93,4:10,4-Nov-93,36 20
Typhoon (Severe Typhoon),IRA,3,4:10,4-Nov-93,0:35,5-Nov-93,20 25
Severe Tropical Storm,RUSS,1,10:10,5-Jun-94,20:30,6-Jun-94,34 20
Severe Tropical Storm,RUSS,3,20:30,6-Jun-94,15:45,7-Jun-94,19 15
Tropical Storm,SHARON,1,10:50,24-Jun-94,6:30,25-Jun-94,19 40
Severe Tropical Storm,HARRY,1,22:50,25-Aug-94,16:15,26-Aug-94,17 25
Severe Tropical Storm,HARRY,3,16:15,26-Aug-94,11:45,27-Aug-94,19 30
Tropical Storm,LUKE,1,7:50,11-Sep-94,22:30,11-Sep-94,14 40
Tropical Storm,LUKE,3,22:30,11-Sep-94,11:50,12-Sep-94,13 20
Severe Tropical Storm,GARY,1,15:45,28-Jul-95,14:30,31-Jul-95,70 45
Severe Tropical Storm,HELEN,1,16:00,9-Aug-95,5:45,11-Aug-95,37 45
Severe Tropical Storm,HELEN,3,5:45,11-Aug-95,22:30,11-Aug-95,16 45
Severe Tropical Storm,HELEN,8 NE,22:30,11-Aug-95,4:30,12-Aug-95,06 00
Severe Tropical Storm,HELEN,8 NW,4:30,12-Aug-95,9:45,12-Aug-95,05 15
Severe Tropical Storm,HELEN,8 SW,9:45,12-Aug-95,14:15,12-Aug-95,04 30
Severe Tropical Storm,HELEN,3,14:15,12-Aug-95,17:30,12-Aug-95,03 15
Tropical Storm,IRVING,1,12:30,18-Aug-95,23:45,19-Aug-95,35 15
Severe Tropical Storm,LOIS,1,13:15,27-Aug-95,9:35,28-Aug-95,20 20
Typhoon (Severe Typhoon),KENT,1,12:00,30-Aug-95,4:00,31-Aug-95,16 00
Typhoon (Severe Typhoon),KENT,3,4:00,31-Aug-95,13:00,31-Aug-95,09 00
Typhoon (Severe Typhoon),KENT,8 NW,13:00,31-Aug-95,16:45,31-Aug-95,03 45
Typhoon (Severe Typhoon),KENT,8 SW,16:45,31-Aug-95,21:00,31-Aug-95,04 15
Typhoon (Severe Typhoon),KENT,3,21:00,31-Aug-95,0:15,1-Sep-95,03 15
Tropical Storm,NINA,1,9:45,6-Sep-95,10:15,7-Sep-95,24 30
Typhoon (Severe Typhoon),RYAN,1,22:15,19-Sep-95,11:30,21-Sep-95,37 15
Typhoon,SIBYL,1,17:45,1-Oct-95,12:30,2-Oct-95,18 45
Typhoon,SIBYL,3,12:30,2-Oct-95,5:10,3-Oct-95,16 40
Typhoon,SIBYL,8 SE,5:10,3-Oct-95,11:30,3-Oct-95,06 20
Typhoon,SIBYL,3,11:30,3-Oct-95,20:45,3-Oct-95,09 15
Severe Tropical Storm,FRANKIE,1,14:30,21-Jul-96,22:30,22-Jul-96,32 00
Typhoon,GLORIA,1,11:30,26-Jul-96,6:45,27-Jul-96,19 15
Tropical Depression,LISA,1,9:00,6-Aug-96,20:30,6-Aug-96,11 30
Typhoon,NIKI,1,9:45,20-Aug-96,22:45,21-Aug-96,37 00
Typhoon (Severe Typhoon),SALLY,1,5:00,8-Sep-96,17:00,8-Sep-96,12 00
Typhoon (Severe Typhoon),SALLY,3,17:00,8-Sep-96,2:15,9-Sep-96,09 15
Typhoon (Severe Typhoon),SALLY,8 SE,2:15,9-Sep-96,5:40,9-Sep-96,03 25
Typhoon (Severe Typhoon),SALLY,3,5:40,9-Sep-96,10:15,9-Sep-96,04 35
Severe Tropical Storm,WILLIE,1,23:15,18-Sep-96,9:00,20-Sep-96,33 45
Typhoon,BETH,1,11:45,19-Oct-96,14:00,20-Oct-96,26 15
Typhoon,VICTOR,1,14:00,31-Jul-97,10:00,1-Aug-97,20 00
Typhoon,VICTOR,3,10:00,1-Aug-97,12:00,2-Aug-97,26 00
Typhoon,VICTOR,8 NE,12:00,2-Aug-97,16:50,2-Aug-97,04 50
Typhoon,VICTOR,9,16:50,2-Aug-97,23:40,2-Aug-97,06 50
Typhoon,VICTOR,8 SW,23:40,2-Aug-97,3:30,3-Aug-97,03 50
Typhoon,VICTOR,3,3:30,3-Aug-97,4:45,3-Aug-97,01 15
Typhoon,ZITA,1,23:00,20-Aug-97,11:45,21-Aug-97,12 45
Typhoon,ZITA,3,11:45,21-Aug-97,9:45,22-Aug-97,22 00
Severe Tropical Storm,PENNY,1,6:35,9-Aug-98,22:45,9-Aug-98,16 10
Severe Tropical Storm,PENNY,3,22:45,9-Aug-98,19:45,10-Aug-98,21 00
Tropical Depression,no name,1,23:55,21-Aug-98,21:45,22-Aug-98,21 50
Tropical Depression,no name,1,6:15,12-Sep-98,16:30,13-Sep-98,34 15
Typhoon (Super Typhoon),ZEB,1,5:45,15-Oct-98,5:50,16-Oct-98,24 05
Typhoon (Severe Typhoon),BABS,1,22:15,23-Oct-98,23:40,24-Oct-98,25 25
Typhoon (Severe Typhoon),BABS,3,23:40,24-Oct-98,21:30,26-Oct-98,45 50
Typhoon,LEO,1,9:40,29-Apr-99,16:15,30-Apr-99,30 35
Typhoon,LEO,3,16:15,30-Apr-99,13:30,2-May-99,45 15
Typhoon,LEO,8 NE,13:30,2-May-99,17:30,2-May-99,04 00
Typhoon,LEO,3,17:30,2-May-99,20:45,2-May-99,03 15
Typhoon,MAGGIE,1,23:45,5-Jun-99,14:15,6-Jun-99,14 30
Typhoon,MAGGIE,3,14:15,6-Jun-99,0:30,7-Jun-99,10 15
Typhoon,MAGGIE,8 NW,0:30,7-Jun-99,2:45,7-Jun-99,02 15
Typhoon,MAGGIE,9,2:45,7-Jun-99,5:45,7-Jun-99,03 00
Typhoon,MAGGIE,8 NE,5:45,7-Jun-99,10:30,7-Jun-99,04 45
Typhoon,MAGGIE,3,10:30,7-Jun-99,14:45,7-Jun-99,04 15
Typhoon,MAGGIE,1,22:30,7-Jun-99,0:45,8-Jun-99,02 15
Typhoon,MAGGIE,3,0:45,8-Jun-99,13:45,8-Jun-99,13 00
Tropical Storm,no name,1,11:45,25-Jul-99,22:45,26-Jul-99,35 00
Tropical Storm,no name,3,22:45,26-Jul-99,13:45,27-Jul-99,15 00
Typhoon,SAM,1,16:15,20-Aug-99,2:30,22-Aug-99,34 15
Typhoon,SAM,3,2:30,22-Aug-99,12:30,22-Aug-99,10 00
Typhoon,SAM,8 NW,12:30,22-Aug-99,20:10,22-Aug-99,07 40
Typhoon,SAM,8 SW,20:10,22-Aug-99,3:50,23-Aug-99,07 40
Typhoon,SAM,3,3:50,23-Aug-99,21:00,23-Aug-99,17 10
Tropical Storm,WENDY,1,3:45,3-Sep-99,11:20,4-Sep-99,31 35
Typhoon,YORK,1,10:45,13-Sep-99,10:15,15-Sep-99,47 30
Typhoon,YORK,3,10:15,15-Sep-99,3:15,16-Sep-99,17 00
Typhoon,YORK,8 NW,3:15,16-Sep-99,5:20,16-Sep-99,02 05
Typhoon,YORK,9,5:20,16-Sep-99,6:45,16-Sep-99,01 25
Typhoon,YORK,10,6:45,16-Sep-99,17:45,16-Sep-99,11 00
Typhoon,YORK,8 SW,17:45,16-Sep-99,22:10,16-Sep-99,04 25
Typhoon,YORK,3,22:10,16-Sep-99,0:45,17-Sep-99,02 35
Severe Tropical Storm,CAM,1,9:40,24-Sep-99,15:40,25-Sep-99,30 00
Severe Tropical Storm,CAM,3,15:40,25-Sep-99,5:20,26-Sep-99,13 40
Severe Tropical Storm,CAM,8 NW,5:20,26-Sep-99,11:20,26-Sep-99,06 00
Severe Tropical Storm,CAM,8 SW,11:20,26-Sep-99,14:10,26-Sep-99,02 50
Severe Tropical Storm,CAM,3,14:10,26-Sep-99,15:20,26-Sep-99,01 10
Typhoon,DAN,1,20:45,5-Oct-99,5:35,7-Oct-99,32 50
Typhoon,DAN,3,5:35,7-Oct-99,16:15,7-Oct-99,10 40
Typhoon,DAN,1,16:15,7-Oct-99,9:25,9-Oct-99,41 10
Tropical Depression,no name,3,21:15,18-Jun-00,1:45,19-Jun-00,04 30
Typhoon,KAI-TAK,1,15:50,6-Jul-00,5:45,9-Jul-00,61 55
Tropical Depression,no name,1,14:45,15-Jul-00,21:25,16-Jul-00,30 40
Typhoon (Super Typhoon),BILIS,1,6:00,23-Aug-00,19:15,23-Aug-00,13 15
Severe Tropical Storm,MARIA,1,23:45,27-Aug-00,14:25,29-Aug-00,38 40
Severe Tropical Storm,MARIA,1,10:15,31-Aug-00,1:30,1-Sep-00,15 15
Severe Tropical Storm,MARIA,3,1:30,1-Sep-00,13:20,1-Sep-00,11 50
Typhoon,WUKONG,1,13:45,6-Sep-00,21:45,7-Sep-00,32 00
Typhoon,WUKONG,3,21:45,7-Sep-00,5:45,9-Sep-00,32 00
Severe Tropical Storm,BEBINCA,1,14:40,4-Nov-00,7:40,8-Nov-00,89 00
Typhoon,CHEBI,1,23:25,22-Jun-01,20:25,23-Jun-01,21 00
Typhoon,DURIAN,1,7:40,30-Jun-01,22:20,30-Jun-01,14 40
Typhoon,DURIAN,3,22:20,30-Jun-01,9:20,2-Jul-01,35 00
Typhoon,UTOR,1,17:45,4-Jul-01,10:45,5-Jul-01,17 00
Typhoon,UTOR,3,10:45,5-Jul-01,19:30,5-Jul-01,08 45
Typhoon,UTOR,8 NE,19:30,5-Jul-01,23:40,5-Jul-01,04 10
Typhoon,UTOR,8 NW,23:40,5-Jul-01,9:40,6-Jul-01,10 00
Typhoon,UTOR,8 SW,9:40,6-Jul-01,13:40,6-Jul-01,04 00
Typhoon,UTOR,3,13:40,6-Jul-01,11:20,7-Jul-01,21 40
Typhoon,YUTU,1,21:50,23-Jul-01,15:50,24-Jul-01,18 00
Typhoon,YUTU,3,15:50,24-Jul-01,0:30,25-Jul-01,08 40
Typhoon,YUTU,8 NE,0:30,25-Jul-01,10:40,25-Jul-01,10 10
Typhoon,YUTU,8 SE,10:40,25-Jul-01,19:40,25-Jul-01,09 00
Typhoon,YUTU,3,19:40,25-Jul-01,6:15,26-Jul-01,10 35
Tropical Storm,FITOW,1,22:15,28-Aug-01,4:45,30-Aug-01,30 30
Typhoon,NARI,1,16:15,19-Sep-01,14:45,20-Sep-01,22 30
Typhoon,NARI,3,14:45,20-Sep-01,22:40,20-Sep-01,07 55
Severe Tropical Storm,KAMMURI,1,9:50,3-Aug-02,11:30,5-Aug-02,49 40
Severe Tropical Storm,VONGFONG,1,22:45,17-Aug-02,6:30,20-Aug-02,55 45
Severe Tropical Storm,HAGUPIT,1,14:40,10-Sep-02,5:40,11-Sep-02,15 00
Severe Tropical Storm,HAGUPIT,3,5:40,11-Sep-02,13:40,11-Sep-02,08 00
Severe Tropical Storm,HAGUPIT,8 SE,13:40,11-Sep-02,1:40,12-Sep-02,12 00
Severe Tropical Storm,HAGUPIT,3,1:40,12-Sep-02,5:40,12-Sep-02,04 00
Severe Tropical Storm,KONI,1,5:40,20-Jul-03,20:15,21-Jul-03,38 35
Typhoon (Super Typhoon),IMBUDO,1,20:20,22-Jul-03,13:40,23-Jul-03,17 20
Typhoon (Super Typhoon),IMBUDO,3,13:40,23-Jul-03,22:40,23-Jul-03,09 00
Typhoon (Super Typhoon),IMBUDO,8 NE,22:40,23-Jul-03,5:15,24-Jul-03,06 35
Typhoon (Super Typhoon),IMBUDO,8 SE,5:15,24-Jul-03,8:15,24-Jul-03,03 00
Typhoon (Super Typhoon),IMBUDO,3,8:15,24-Jul-03,12:40,24-Jul-03,04 25
Typhoon,KROVANH,1,9:30,23-Aug-03,11:30,24-Aug-03,26 00
Typhoon,KROVANH,3,11:30,24-Aug-03,11:30,25-Aug-03,24 00
Typhoon (Severe Typhoon),DUJUAN,1,22:15,1-Sep-03,10:40,2-Sep-03,12 25
Typhoon (Severe Typhoon),DUJUAN,3,10:40,2-Sep-03,14:20,2-Sep-03,03 40
Typhoon (Severe Typhoon),DUJUAN,8 NW,14:20,2-Sep-03,20:10,2-Sep-03,05 50
Typhoon (Severe Typhoon),DUJUAN,9,20:10,2-Sep-03,22:10,2-Sep-03,02 00
Typhoon (Severe Typhoon),DUJUAN,8 SW,22:10,2-Sep-03,1:30,3-Sep-03,03 20
Typhoon (Severe Typhoon),DUJUAN,3,1:30,3-Sep-03,3:20,3-Sep-03,01 50
Typhoon,CONSON,1,14:15,8-Jun-04,4:30,9-Jun-04,14 15
Tropical Storm,KOMPASU,1,22:55,14-Jul-04,5:15,16-Jul-04,30 20
Tropical Storm,KOMPASU,3,5:15,16-Jul-04,11:45,16-Jul-04,06 30
Tropical Storm,KOMPASU,8 NE,11:45,16-Jul-04,14:45,16-Jul-04,03 00
Tropical Storm,KOMPASU,8 NW,14:45,16-Jul-04,16:45,16-Jul-04,02 00
Tropical Storm,KOMPASU,8 SW,16:45,16-Jul-04,19:20,16-Jul-04,02 35
Tropical Storm,KOMPASU,3,19:20,16-Jul-04,20:20,16-Jul-04,01 00
Typhoon,AERE,1,10:15,26-Aug-04,4:10,27-Aug-04,17 55
Severe Tropical Storm,SANVU,1,10:40,12-Aug-05,18:45,13-Aug-05,32 05
Tropical Storm,VICENTE,1,14:40,17-Sep-05,7:40,18-Sep-05,17 00
Typhoon (Severe Typhoon),DAMREY,1,10:40,22-Sep-05,8:40,24-Sep-05,46 00
Typhoon (Severe Typhoon),DAMREY,3,8:40,24-Sep-05,8:20,26-Sep-05,47 40
Typhoon (Super Typhoon),CHANCHU,1,21:40,15-May-06,7:15,17-May-06,33 35
Typhoon (Super Typhoon),CHANCHU,3,7:15,17-May-06,21:15,17-May-06,14 00
Typhoon (Super Typhoon),CHANCHU,1,21:15,17-May-06,4:40,18-May-06,07 25
Tropical Storm,JELAWAT,1,9:40,27-Jun-06,18:40,28-Jun-06,33 00
Typhoon,PRAPIROON,1,12:10,1-Aug-06,16:20,2-Aug-06,28 10
Typhoon,PRAPIROON,3,16:20,2-Aug-06,5:40,4-Aug-06,37 20
Typhoon,PRAPIROON,1,5:40,4-Aug-06,15:40,4-Aug-06,10 00
Severe Tropical Storm,BOPHA,1,8:40,9-Aug-06,22:10,10-Aug-06,37 30
Tropical Depression,no name,1,11:10,24-Aug-06,6:20,25-Aug-06,19 10
Tropical Depression,no name,1,13:40,12-Sep-06,10:35,13-Sep-06,20 55
Tropical Depression,no name,3,10:35,13-Sep-06,14:40,13-Sep-06,04 05
Tropical Depression,no name,1,14:40,13-Sep-06,16:10,13-Sep-06,01 30
Typhoon (Super Typhoon),CIMARON,1,14:20,31-Oct-06,13:30,3-Nov-06,71 10
Severe Tropical Storm,PABUK,1,5:40,8-Aug-07,2:40,9-Aug-07,21 00
Severe Tropical Storm,PABUK,3,2:40,9-Aug-07,11:15,9-Aug-07,08 35
Severe Tropical Storm,PABUK,1,7:50,10-Aug-07,12:40,10-Aug-07,04 50
Severe Tropical Storm,PABUK,3,12:40,10-Aug-07,14:30,10-Aug-07,01 50
Severe Tropical Storm,PABUK,8 SW,14:30,10-Aug-07,21:40,10-Aug-07,07 10
Severe Tropical Storm,PABUK,3,21:40,10-Aug-07,1:40,11-Aug-07,04 00
Severe Tropical Storm,PABUK,1,1:40,11-Aug-07,8:30,11-Aug-07,06 50
Tropical Storm,FRANCISCO,1,2:40,23-Sep-07,11:15,24-Sep-07,32 35
Typhoon,NEOGURI,1,16:15,17-Apr-08,20:40,18-Apr-08,28 25
Typhoon,NEOGURI,3,20:40,18-Apr-08,1:30,20-Apr-08,28 50
Typhoon (Severe Typhoon),FENGSHEN,1,7:40,23-Jun-08,16:40,24-Jun-08,33 00
Typhoon (Severe Typhoon),FENGSHEN,3,16:40,24-Jun-08,22:45,24-Jun-08,06 05
Typhoon (Severe Typhoon),FENGSHEN,8 NE,22:45,24-Jun-08,0:45,25-Jun-08,02 00
Typhoon (Severe Typhoon),FENGSHEN,8 NW,0:45,25-Jun-08,5:45,25-Jun-08,05 00
Typhoon (Severe Typhoon),FENGSHEN,8 SW,5:45,25-Jun-08,11:15,25-Jun-08,05 30
Typhoon (Severe Typhoon),FENGSHEN,3,11:15,25-Jun-08,22:15,25-Jun-08,11 00
Severe Tropical Storm,KAMMURI,1,10:15,4-Aug-08,19:15,5-Aug-08,33 00
Severe Tropical Storm,KAMMURI,3,19:15,5-Aug-08,5:40,6-Aug-08,10 25
Severe Tropical Storm,KAMMURI,8 NE,5:40,6-Aug-08,8:40,6-Aug-08,03 00
Severe Tropical Storm,KAMMURI,8 SE,8:40,6-Aug-08,17:15,6-Aug-08,08 35
Severe Tropical Storm,KAMMURI,3,17:15,6-Aug-08,4:15,7-Aug-08,11 00
Severe Tropical Storm,KAMMURI,1,4:15,7-Aug-08,7:15,7-Aug-08,03 00
Typhoon,NURI,1,18:15,20-Aug-08,20:40,21-Aug-08,26 25
Typhoon,NURI,3,20:40,21-Aug-08,7:40,22-Aug-08,11 00
Typhoon,NURI,8 NW,7:40,22-Aug-08,13:40,22-Aug-08,06 00
Typhoon,NURI,9,13:40,22-Aug-08,0:40,23-Aug-08,11 00
Typhoon,NURI,8 SW,0:40,23-Aug-08,2:40,23-Aug-08,02 00
Typhoon,NURI,3,2:40,23-Aug-08,9:40,23-Aug-08,07 00
Typhoon,NURI,1,9:40,23-Aug-08,11:15,23-Aug-08,01 35
Typhoon (Severe Typhoon),HAGUPIT,1,18:40,22-Sep-08,10:25,23-Sep-08,15 45
Typhoon (Severe Typhoon),HAGUPIT,3,10:25,23-Sep-08,18:00,23-Sep-08,07 35
Typhoon (Severe Typhoon),HAGUPIT,8 NE,18:00,23-Sep-08,0:40,24-Sep-08,06 40
Typhoon (Severe Typhoon),HAGUPIT,8 SE,0:40,24-Sep-08,6:30,24-Sep-08,05 50
Typhoon (Severe Typhoon),HAGUPIT,3,6:30,24-Sep-08,12:50,24-Sep-08,06 20
Tropical Storm,HIGOS,1,19:30,2-Oct-08,22:30,4-Oct-08,51 00
Severe Tropical Storm,LINFA,1,10:40,20-Jun-09,5:45,21-Jun-09,19 05
Tropical Storm,NANGKA,1,7:15,26-Jun-09,15:40,26-Jun-09,08 25
Tropical Storm,NANGKA,3,15:40,26-Jun-09,5:25,27-Jun-09,13 45
Tropical Storm,SOUDELOR,1,16:45,10-Jul-09,13:25,11-Jul-09,20 40
Tropical Storm,SOUDELOR,3,13:25,11-Jul-09,21:15,11-Jul-09,07 50
Tropical Storm,SOUDELOR,1,21:15,11-Jul-09,5:20,12-Jul-09,08 05
Typhoon,MOLAVE,1,22:15,17-Jul-09,14:15,18-Jul-09,16 00
Typhoon,MOLAVE,3,14:15,18-Jul-09,23:30,18-Jul-09,09 15
Typhoon,MOLAVE,8 NW,23:30,18-Jul-09,1:30,19-Jul-09,02 00
Typhoon,MOLAVE,9,1:30,19-Jul-09,4:40,19-Jul-09,03 10
Typhoon,MOLAVE,8 SW,4:40,19-Jul-09,6:40,19-Jul-09,02 00
Typhoon,MOLAVE,3,6:40,19-Jul-09,10:40,19-Jul-09,04 00
Typhoon,MOLAVE,1,10:40,19-Jul-09,13:15,19-Jul-09,02 35
Severe Tropical Storm,GONI,1,15:15,3-Aug-09,11:15,4-Aug-09,20 00
Severe Tropical Storm,GONI,3,11:15,4-Aug-09,21:40,4-Aug-09,10 25
Severe Tropical Storm,GONI,8 SE,21:40,4-Aug-09,3:40,5-Aug-09,06 00
Severe Tropical Storm,GONI,3,3:40,5-Aug-09,5:40,5-Aug-09,02 00
Severe Tropical Storm,GONI,1,5:40,5-Aug-09,16:00,5-Aug-09,10 20
Tropical Storm,MUJIGAE,1,4:35,10-Sep-09,14:35,10-Sep-09,10 00
Tropical Storm,MUJIGAE,3,14:35,10-Sep-09,3:35,11-Sep-09,13 00
Tropical Storm,MUJIGAE,1,3:35,11-Sep-09,6:25,11-Sep-09,02 50
Typhoon,KOPPU,1,20:35,13-Sep-09,11:15,14-Sep-09,14 40
Typhoon,KOPPU,3,11:15,14-Sep-09,17:55,14-Sep-09,06 40
Typhoon,KOPPU,8 NE,17:55,14-Sep-09,0:35,15-Sep-09,06 40
Typhoon,KOPPU,8 SE,0:35,15-Sep-09,10:15,15-Sep-09,09 40
Typhoon,KOPPU,3,10:15,15-Sep-09,13:35,15-Sep-09,03 20
Typhoon,KOPPU,1,13:35,15-Sep-09,15:40,15-Sep-09,02 05
Typhoon,KETSANA,1,22:15,27-Sep-09,19:15,28-Sep-09,21 00
Typhoon,CONSON,1,19:20,15-Jul-10,21:15,16-Jul-10,25 55
Typhoon,CHANTHU,1,12:15,20-Jul-10,16:40,21-Jul-10,28 25
Typhoon,CHANTHU,3,16:40,21-Jul-10,11:40,22-Jul-10,19 00
Typhoon,CHANTHU,1,11:40,22-Jul-10,14:40,22-Jul-10,03 00
Severe Tropical Storm,LIONROCK,1,10:35,29-Aug-10,19:10,30-Aug-10,32 35
Severe Tropical Storm,LIONROCK,1,20:40,2-Sep-10,16:40,3-Sep-10,20 00
Severe Typhoon,FANAPI,1,16:35,19-Sep-10,16:05,20-Sep-10,23 30
Severe Typhoon,FANAPI,3,16:05,20-Sep-10,7:35,21-Sep-10,15 30
Super Typhoon,MEGI,1,16:35,20-Oct-10,5:40,21-Oct-10,13 05
Super Typhoon,MEGI,3,5:40,21-Oct-10,18:05,22-Oct-10,36 25
Super Typhoon,MEGI,1,18:05,22-Oct-10,20:40,22-Oct-10,02 35
Tropical Storm,SARIKA,1,9:40,10-Jun-11,7:15,11-Jun-11,21 35
Tropical Storm,HAIMA,1,21:35,20-Jun-11,5:45,22-Jun-11,32 10
Tropical Storm,HAIMA,3,5:45,22-Jun-11,10:25,23-Jun-11,28 40
Tropical Storm,HAIMA,1,10:25,23-Jun-11,20:45,23-Jun-11,10 20
Severe Tropical Storm,NOCK-TEN,1,8:40,28-Jul-11,18:45,28-Jul-11,10 05
Severe Tropical Storm,NOCK-TEN,3,18:45,28-Jul-11,14:10,29-Jul-11,19 25
Severe Tropical Storm,NOCK-TEN,1,14:10,29-Jul-11,16:40,29-Jul-11,02 30
Typhoon,NESAT,1,22:40,27-Sep-11,17:20,28-Sep-11,18 40
Typhoon,NESAT,3,17:20,28-Sep-11,4:40,29-Sep-11,11 20
Typhoon,NESAT,8 SE,4:40,29-Sep-11,16:10,29-Sep-11,11 30
Typhoon,NESAT,3,16:10,29-Sep-11,0:20,30-Sep-11,08 10
Typhoon,NESAT,1,0:20,30-Sep-11,6:25,30-Sep-11,06 05
Severe Typhoon,NALGAE,1,10:40,2-Oct-11,6:40,3-Oct-11,20 00
Severe Typhoon,NALGAE,3,6:40,3-Oct-11,19:10,3-Oct-11,12 30
Severe Tropical Storm,TALIM,1,16:20,17-Jun-12,22:40,18-Jun-12,30 20
Severe Tropical Storm,TALIM,3,22:40,18-Jun-12,10:20,19-Jun-12,11 40
Severe Tropical Storm,TALIM,1,10:20,19-Jun-12,20:40,19-Jun-12,10 20
Tropical Storm,DOKSURI,1,21:40,28-Jun-12,16:20,29-Jun-12,18 40
Tropical Storm,DOKSURI,3,16:20,29-Jun-12,23:05,29-Jun-12,06 45
Tropical Storm,DOKSURI,8 NE,23:05,29-Jun-12,0:40,30-Jun-12,01 35
Tropical Storm,DOKSURI,8 SE,0:40,30-Jun-12,3:25,30-Jun-12,02 45
Tropical Storm,DOKSURI,3,3:25,30-Jun-12,6:40,30-Jun-12,03 15
Tropical Storm,DOKSURI,1,6:40,30-Jun-12,8:15,30-Jun-12,01 35
Severe Typhoon,VICENTE,1,15:40,21-Jul-12,5:20,23-Jul-12,37 40
Severe Typhoon,VICENTE,3,5:20,23-Jul-12,17:40,23-Jul-12,12 20
Severe Typhoon,VICENTE,8 NE,17:40,23-Jul-12,23:20,23-Jul-12,05 40
Severe Typhoon,VICENTE,9,23:20,23-Jul-12,0:45,24-Jul-12,01 25
Severe Typhoon,VICENTE,10,0:45,24-Jul-12,3:35,24-Jul-12,02 50
Severe Typhoon,VICENTE,8 SE,3:35,24-Jul-12,10:10,24-Jul-12,06 35
Severe Typhoon,VICENTE,3,10:10,24-Jul-12,14:40,24-Jul-12,04 30
Severe Typhoon,VICENTE,1,14:40,24-Jul-12,23:15,24-Jul-12,08 35
Typhoon,KAI-TAK,1,20:10,15-Aug-12,13:40,16-Aug-12,17 30
Typhoon,KAI-TAK,3,13:40,16-Aug-12,22:15,16-Aug-12,08 35
Typhoon,KAI-TAK,8 SE,22:15,16-Aug-12,6:20,17-Aug-12,08 05
Typhoon,KAI-TAK,3,6:20,17-Aug-12,15:20,17-Aug-12,09 00
Typhoon,KAI-TAK,1,15:20,17-Aug-12,16:25,17-Aug-12,01 05
Severe Typhoon,TEMBIN,1,22:40,24-Aug-12,16:40,26-Aug-12,42 00
Tropical Storm,BEBINCA,1,7:40,21-Jun-13,20:20,21-Jun-13,12 40
Tropical Storm,BEBINCA,3,20:20,21-Jun-13,9:10,22-Jun-13,12 50
Tropical Storm,BEBINCA,1,9:10,22-Jun-13,11:15,22-Jun-13,02 05
Severe Tropical Storm,RUMBIA,1,21:10,30-Jun-13,13:15,1-Jul-13,16 05
Severe Tropical Storm,RUMBIA,3,13:15,1-Jul-13,5:10,2-Jul-13,15 55
Severe Tropical Storm,RUMBIA,1,5:10,2-Jul-13,9:40,2-Jul-13,04 30
Tropical Storm,CIMARON,1,23:20,17-Jul-13,15:40,18-Jul-13,16 20
Severe Tropical Storm,JEBI,1,9:40,1-Aug-13,16:10,1-Aug-13,06 30
Severe Tropical Storm,JEBI,3,16:10,1-Aug-13,22:15,2-Aug-13,30 05
Super Typhoon,UTOR,1,16:05,12-Aug-13,4:40,13-Aug-13,12 35
Super Typhoon,UTOR,3,4:40,13-Aug-13,1:40,14-Aug-13,21 00
Super Typhoon,UTOR,8 SE,1:40,14-Aug-13,13:40,14-Aug-13,12 00
Super Typhoon,UTOR,3,13:40,14-Aug-13,1:40,15-Aug-13,12 00
Super Typhoon,UTOR,1,1:40,15-Aug-13,16:40,15-Aug-13,15 00
Super Typhoon,USAGI,1,10:40,21-Sep-13,23:40,21-Sep-13,13 00
Super Typhoon,USAGI,3,23:40,21-Sep-13,18:40,22-Sep-13,19 00
Super Typhoon,USAGI,8 NW,18:40,22-Sep-13,0:25,23-Sep-13,05 45
Super Typhoon,USAGI,8 SW,0:25,23-Sep-13,9:20,23-Sep-13,08 55
Super Typhoon,USAGI,3,9:20,23-Sep-13,10:25,23-Sep-13,01 05
Severe Typhoon,KROSA,1,15:20,1-Nov-13,22:50,3-Nov-13,55 30
Tropical Storm,HAGIBIS,1,17:40,14-Jun-14,13:20,15-Jun-14,19 40
Super Typhoon,RAMMASUN,1,23:40,16-Jul-14,16:15,17-Jul-14,16 35
Super Typhoon,RAMMASUN,3,16:15,17-Jul-14,19:40,18-Jul-14,27 25
Super Typhoon,RAMMASUN,1,19:40,18-Jul-14,3:40,19-Jul-14,08 00
Tropical Depression,no name,1,9:40,7-Sep-14,9:10,8-Sep-14,23 30
Typhoon,KALMAEGI,1,23:35,14-Sep-14,12:40,15-Sep-14,13 05
Typhoon,KALMAEGI,3,12:40,15-Sep-14,22:30,15-Sep-14,09 50
Typhoon,KALMAEGI,8 SE,22:30,15-Sep-14,10:40,16-Sep-14,12 10
Typhoon,KALMAEGI,3,10:40,16-Sep-14,20:40,16-Sep-14,10 00
Typhoon,KALMAEGI,1,20:40,16-Sep-14,2:10,17-Sep-14,05 30
Tropical Storm,KUJIRA,1,21:40,21-Jun-15,7:40,23-Jun-15,34 00
Typhoon,LINFA,1,7:40,8-Jul-15,8:40,9-Jul-15,25 00
Typhoon,LINFA,3,8:40,9-Jul-15,16:40,9-Jul-15,08 00
Typhoon,LINFA,8 NW,16:40,9-Jul-15,22:10,9-Jul-15,05 30
Typhoon,LINFA,3,22:10,9-Jul-15,5:50,10-Jul-15,07 40
Severe Typhoon,MUJIGAE,1,20:40,2-Oct-15,10:20,3-Oct-15,13 40
Severe Typhoon,MUJIGAE,3,10:20,3-Oct-15,20:40,4-Oct-15,34 20
Severe Typhoon,MUJIGAE,1,20:40,4-Oct-15,5:20,5-Oct-15,08 40
Tropical Depression,no name,1,21:40,26-May-16,5:40,27-May-16,08 00
Tropical Depression,no name,3,5:40,27-May-16,13:40,27-May-16,08 00
Tropical Depression,no name,1,13:40,27-May-16,22:50,27-May-16,09 10
Severe Tropical Storm,MIRINAE,1,8:40,26-Jul-16,23:20,26-Jul-16,14 40
Typhoon,NIDA,1,22:10,31-Jul-16,11:40,1-Aug-16,13 30
Typhoon,NIDA,3,11:40,1-Aug-16,20:40,1-Aug-16,09 00
Typhoon,NIDA,8 NW,20:40,1-Aug-16,4:40,2-Aug-16,08 00
Typhoon,NIDA,8 SW,4:40,2-Aug-16,12:40,2-Aug-16,08 00
Typhoon,NIDA,3,12:40,2-Aug-16,17:10,2-Aug-16,04 30
Tropical Storm,DIANMU,1,11:30,17-Aug-16,22:15,17-Aug-16,10 45
Tropical Storm,DIANMU,3,22:15,17-Aug-16,11:15,18-Aug-16,13 00
Tropical Storm,DIANMU,1,11:15,18-Aug-16,13:15,18-Aug-16,02 00
Super Typhoon,MERANTI,1,10:10,14-Sep-16,4:20,15-Sep-16,18 10
Severe Typhoon,MEGI,1,8:40,28-Sep-16,23:10,28-Sep-16,14 30
Tropical Storm,AERE,1,20:40,6-Oct-16,3:45,9-Oct-16,55 05
Super Typhoon,SARIKA,1,21:20,16-Oct-16,13:40,17-Oct-16,16 20
Super Typhoon,SARIKA,3,13:40,17-Oct-16,22:10,18-Oct-16,32 30
Super Typhoon,HAIMA,1,8:20,20-Oct-16,20:40,20-Oct-16,12 20
Super Typhoon,HAIMA,3,20:40,20-Oct-16,6:10,21-Oct-16,09 30
Super Typhoon,HAIMA,8 NW,6:10,21-Oct-16,14:15,21-Oct-16,08 05
Super Typhoon,HAIMA,8 SW,14:15,21-Oct-16,17:20,21-Oct-16,03 05
Super Typhoon,HAIMA,3,17:20,21-Oct-16,22:10,21-Oct-16,04 50
Severe Tropical Storm,MERBOK,1,19:40,11-Jun-17,10:40,12-Jun-17,15 00
Severe Tropical Storm,MERBOK,3,10:40,12-Jun-17,17:20,12-Jun-17,06 40
Severe Tropical Storm,MERBOK,8 NE,17:20,12-Jun-17,20:20,12-Jun-17,03 00
Severe Tropical Storm,MERBOK,8 NW,20:20,12-Jun-17,0:10,13-Jun-17,03 50
Severe Tropical Storm,MERBOK,8 SW,0:10,13-Jun-17,4:40,13-Jun-17,04 30
Severe Tropical Storm,MERBOK,3,4:40,13-Jun-17,11:10,13-Jun-17,06 30
Tropical Storm,ROKE,1,15:40,22-Jul-17,3:40,23-Jul-17,12 00
Tropical Storm,ROKE,3,3:40,23-Jul-17,9:20,23-Jul-17,05 40
Tropical Storm,ROKE,8 NW,9:20,23-Jul-17,13:20,23-Jul-17,04 00
Tropical Storm,ROKE,3,13:20,23-Jul-17,15:10,23-Jul-17,01 50
Tropical Storm,ROKE,1,15:10,23-Jul-17,19:40,23-Jul-17,04 30
Super Typhoon,HATO,1,8:40,22-Aug-17,18:20,22-Aug-17,09 40
Super Typhoon,HATO,3,18:20,22-Aug-17,5:20,23-Aug-17,11 00
Super Typhoon,HATO,8 NE,5:20,23-Aug-17,8:10,23-Aug-17,02 50
Super Typhoon,HATO,9,8:10,23-Aug-17,9:10,23-Aug-17,01 00
Super Typhoon,HATO,10,9:10,23-Aug-17,14:10,23-Aug-17,05 00
Super Typhoon,HATO,8 SE,14:10,23-Aug-17,17:10,23-Aug-17,03 00
Super Typhoon,HATO,3,17:10,23-Aug-17,18:20,23-Aug-17,01 10
Super Typhoon,HATO,1,18:20,23-Aug-17,20:40,23-Aug-17,02 20
Severe Tropical Storm,PAKHAR,1,9:40,26-Aug-17,20:40,26-Aug-17,11 00
Severe Tropical Storm,PAKHAR,3,20:40,26-Aug-17,5:10,27-Aug-17,08 30
Severe Tropical Storm,PAKHAR,8 SE,5:10,27-Aug-17,13:40,27-Aug-17,08 30
Severe Tropical Storm,PAKHAR,3,13:40,27-Aug-17,17:40,27-Aug-17,04 00
Severe Tropical Storm,PAKHAR,1,17:40,27-Aug-17,22:10,27-Aug-17,04 30
Severe Tropical Storm,MAWAR,1,2:20,2-Sep-17,22:40,3-Sep-17,44 20
Severe Tropical Storm,MAWAR,3,22:40,3-Sep-17,10:20,4-Sep-17,11 40
Severe Tropical Storm,MAWAR,1,10:20,4-Sep-17,14:10,4-Sep-17,03 50
Tropical Depression,no name,1,23:10,23-Sep-17,19:20,24-Sep-17,20 10
Severe Typhoon,KHANUN,1,10:40,14-Oct-17,19:10,14-Oct-17,08 30
Severe Typhoon,KHANUN,3,19:10,14-Oct-17,8:40,15-Oct-17,13 30
Severe Typhoon,KHANUN,8 NE,8:40,15-Oct-17,19:20,15-Oct-17,10 40
Severe Typhoon,KHANUN,3,19:20,15-Oct-17,22:40,15-Oct-17,03 20
Severe Typhoon,KHANUN,1,22:40,15-Oct-17,2:20,16-Oct-17,03 40
Tropical Storm,EWINIAR,1,11:20,5-Jun-18,12:40,7-Jun-18,49 20
Tropical Storm,EWINIAR,3,12:40,7-Jun-18,15:40,8-Jun-18,27 00
Tropical Storm,EWINIAR,1,15:40,8-Jun-18,18:20,8-Jun-18,02 40
Tropical Storm,SON-TINH,1,2:40,17-Jul-18,16:20,17-Jul-18,13 40
Tropical Storm,SON-TINH,3,16:20,17-Jul-18,9:40,18-Jul-18,17 20
Tropical Storm,SON-TINH,1,15:40,23-Jul-18,10:40,24-Jul-18,19 00
Severe Tropical Storm,BEBINCA,1,17:15,9-Aug-18,5:20,14-Aug-18,108 05
Severe Tropical Storm,BEBINCA,3,5:20,14-Aug-18,2:20,15-Aug-18,21 00
Severe Tropical Storm,BEBINCA,1,2:20,15-Aug-18,5:20,15-Aug-18,03 00
Tropical Storm,BARIJAT,1,10:40,11-Sep-18,12:20,12-Sep-18,25 40
Tropical Storm,BARIJAT,3,12:20,12-Sep-18,4:10,13-Sep-18,15 50
Tropical Storm,BARIJAT,1,4:10,13-Sep-18,7:40,13-Sep-18,03 30
Super Typhoon,MANGKHUT,1,22:20,14-Sep-18,16:20,15-Sep-18,18 00
Super Typhoon,MANGKHUT,3,16:20,15-Sep-18,1:10,16-Sep-18,08 50
Super Typhoon,MANGKHUT,8 NE,1:10,16-Sep-18,7:40,16-Sep-18,06 30
Super Typhoon,MANGKHUT,9,7:40,16-Sep-18,9:40,16-Sep-18,02 00
Super Typhoon,MANGKHUT,10,9:40,16-Sep-18,19:40,16-Sep-18,10 00
Super Typhoon,MANGKHUT,8 SE,19:40,16-Sep-18,5:20,17-Sep-18,09 40
Super Typhoon,MANGKHUT,3,5:20,17-Sep-18,14:40,17-Sep-18,09 20
Super Typhoon,MANGKHUT,1,14:40,17-Sep-18,19:10,17-Sep-18,04 30
Super Typhoon,YUTU,1,8:40,31-Oct-18,12:40,1-Nov-18,28 00
Super Typhoon,YUTU,3,12:40,1-Nov-18,2:10,2-Nov-18,13 30
Super Typhoon,YUTU,1,2:10,2-Nov-18,8:10,2-Nov-18,06 00
Tropical Depression,MUN,1,16:15,2-Jul-19,5:40,3-Jul-19,13 25
Tropical Storm,WIPHA,1,15:40,30-Jul-19,21:15,30-Jul-19,05 35
Tropical Storm,WIPHA,3,21:15,30-Jul-19,13:40,31-Jul-19,16 25
Tropical Storm,WIPHA,8 NE,13:40,31-Jul-19,23:40,31-Jul-19,10 00
Tropical Storm,WIPHA,3,23:40,31-Jul-19,19:20,1-Aug-19,19 40
Tropical Storm,WIPHA,1,19:20,1-Aug-19,8:40,2-Aug-19,13 20
Severe Tropical Storm,BAILU,1,14:40,24-Aug-19,19:20,25-Aug-19,28 40
Tropical Storm,PODUL,1,14:40,28-Aug-19,12:20,29-Aug-19,21 40
Tropical Depression,KAJIKI,1,8:40,1-Sep-19,16:20,1-Sep-19,07 40
Tropical Depression,KAJIKI,3,16:20,1-Sep-19,10:40,2-Sep-19,18 20
Tropical Depression,KAJIKI,1,10:40,2-Sep-19,9:20,3-Sep-19,22 40
Tropical Storm,NURI,1,20:20,12-Jun-20,15:40,13-Jun-20,19 20
Tropical Storm,NURI,3,15:40,13-Jun-20,10:40,14-Jun-20,19 00
Tropical Storm,NURI,1,10:40,14-Jun-20,13:20,14-Jun-20,02 40
Tropical Storm,SINLAKU,3,20:40,31-Jul-20,21:10,1-Aug-20,24 30
Tropical Storm,SINLAKU,1,21:10,1-Aug-20,23:15,1-Aug-20,02 05
Typhoon,HIGOS,1,3:40,18-Aug-20,14:20,18-Aug-20,10 40
Typhoon,HIGOS,3,14:20,18-Aug-20,22:40,18-Aug-20,08 20
Typhoon,HIGOS,8 NE,22:40,18-Aug-20,1:30,19-Aug-20,02 50
Typhoon,HIGOS,9,1:30,19-Aug-20,7:40,19-Aug-20,06 10
Typhoon,HIGOS,8 SE,7:40,19-Aug-20,11:10,19-Aug-20,03 30
Typhoon,HIGOS,3,11:10,19-Aug-20,13:20,19-Aug-20,02 10
Tropical Storm,NANGKA,1,20:40,11-Oct-20,17:10,12-Oct-20,20 30
Tropical Storm,NANGKA,3,17:10,12-Oct-20,5:40,13-Oct-20,12 30
Tropical Storm,NANGKA,8 NE,5:40,13-Oct-20,19:40,13-Oct-20,14 00
Tropical Storm,NANGKA,3,19:40,13-Oct-20,2:40,14-Oct-20,07 00
Typhoon,SAUDEL,1,17:40,22-Oct-20,0:20,23-Oct-20,06 40
Typhoon,SAUDEL,3,0:20,23-Oct-20,9:10,24-Oct-20,32 50
Tropical Storm,KOGUMA,1,16:15,11-Jun-21,14:10,12-Jun-21,21 55
Tropical Depression/Tropical Depression,no name(E)(5-6Jul2021)/ no name(W)(5-8Jul2021),1,4:15,6-Jul-21,14:10,7-Jul-21,33 55
Typhoon,CEMPAKA,1,21:40,18-Jul-21,16:10,19-Jul-21,18 30
Typhoon,CEMPAKA,3,16:10,19-Jul-21,13:20,20-Jul-21,21 10
Typhoon,CEMPAKA,1,13:20,20-Jul-21,19:40,20-Jul-21,06 20
Tropical Storm,LUPIT,1,21:40,2-Aug-21,16:25,3-Aug-21,18 45
Tropical Storm,LUPIT,3,16:25,3-Aug-21,4:20,4-Aug-21,11 55
Tropical Storm,LUPIT,1,4:20,4-Aug-21,18:20,4-Aug-21,14 00
Tropical Storm,LIONROCK,3,4:40,8-Oct-21,6:40,9-Oct-21,26 00
Tropical Storm,LIONROCK,8 SE,6:40,9-Oct-21,4:40,10-Oct-21,22 00
Tropical Storm,LIONROCK,3,4:40,10-Oct-21,12:40,10-Oct-21,08 00
Tropical Storm,LIONROCK,1,12:40,10-Oct-21,14:20,10-Oct-21,01 40
Typhoon,KOMPASU,3,0:40,12-Oct-21,17:20,12-Oct-21,16 40
Typhoon,KOMPASU,8 NE,17:20,12-Oct-21,16:40,13-Oct-21,23 20
Typhoon,KOMPASU,3,16:40,13-Oct-21,4:40,14-Oct-21,12 00
Typhoon,KOMPASU,1,4:40,14-Oct-21,6:20,14-Oct-21,01 40
Super Typhoon,RAI,1,11:20,20-Dec-21,12:20,21-Dec-21,25 00
Typhoon,CHABA,1,21:10,29-Jun-22,22:40,30-Jun-22,25 30
Typhoon,CHABA,3,22:40,30-Jun-22,19:10,1-Jul-22,20 30
Typhoon,CHABA,8 SE,19:10,1-Jul-22,16:20,2-Jul-22,21 10
Typhoon,CHABA,3,16:20,2-Jul-22,14:10,3-Jul-22,21 50
Typhoon,CHABA,1,14:10,3-Jul-22,19:40,3-Jul-22,05 30
Tropical Depression,no name,1,22:10,3-Aug-22,14:40,4-Aug-22,16 30
Tropical Storm,MULAN,1,3:40,9-Aug-22,11:25,9-Aug-22,07 45
Tropical Storm,MULAN,3,11:25,9-Aug-22,18:20,10-Aug-22,30 55
Typhoon,MA-ON,1,21:10,23-Aug-22,12:40,24-Aug-22,15 30
Typhoon,MA-ON,3,12:40,24-Aug-22,19:25,24-Aug-22,06 45
Typhoon,MA-ON,8 NE,19:25,24-Aug-22,1:40,25-Aug-22,06 15
Typhoon,MA-ON,8 SE,1:40,25-Aug-22,9:20,25-Aug-22,07 40
Typhoon,MA-ON,3,9:20,25-Aug-22,14:10,25-Aug-22,04 50
Typhoon,MA-ON,1,14:10,25-Aug-22,16:10,25-Aug-22,02 00
Typhoon,NESAT,1,21:20,16-Oct-22,11:30,17-Oct-22,14 10
Typhoon,NESAT,3,11:30,17-Oct-22,15:40,18-Oct-22,28 10
Severe Tropical Storm,NALGAE,1,22:10,30-Oct-22,16:20,31-Oct-22,18 10
Severe Tropical Storm,NALGAE,3,16:20,31-Oct-22,13:40,2-Nov-22,45 20
Severe Tropical Storm,NALGAE,8 NW,13:40,2-Nov-22,20:40,2-Nov-22,07 00
Severe Tropical Storm,NALGAE,8 NE,20:40,2-Nov-22,2:40,3-Nov-22,06 00
Severe Tropical Storm,NALGAE,8 SE,2:40,3-Nov-22,5:20,3-Nov-22,02 40
Severe Tropical Storm,NALGAE,3,5:20,3-Nov-22,6:20,3-Nov-22,01 00
Typhoon,TALIM,1,4:40,15-Jul-23,5:40,16-Jul-23,25 00
Typhoon,TALIM,3,5:40,16-Jul-23,0:40,17-Jul-23,19 00
Typhoon,TALIM,8 NE,0:40,17-Jul-23,6:40,17-Jul-23,06 00
Typhoon,TALIM,8 SE,6:40,17-Jul-23,16:20,17-Jul-23,09 40
Typhoon,TALIM,3,16:20,17-Jul-23,2:40,18-Jul-23,10 20
Typhoon,TALIM,1,2:40,18-Jul-23,8:40,18-Jul-23,06 00
Super Typhoon,DOKSURI,1,20:40,26-Jul-23,12:40,28-Jul-23,40 00
Super Typhoon,SAOLA,1,17:40,30-Aug-23,15:40,31-Aug-23,22 00
Super Typhoon,SAOLA,3,15:40,31-Aug-23,2:40,1-Sep-23,11 00
Super Typhoon,SAOLA,8 NW,2:40,1-Sep-23,18:20,1-Sep-23,15 40
Super Typhoon,SAOLA,9,18:20,1-Sep-23,20:15,1-Sep-23,01 55
Super Typhoon,SAOLA,10,20:15,1-Sep-23,3:40,2-Sep-23,07 25
Super Typhoon,SAOLA,8 SE,3:40,2-Sep-23,16:20,2-Sep-23,12 40
Super Typhoon,SAOLA,3,16:20,2-Sep-23,20:20,2-Sep-23,04 00
Super Typhoon,SAOLA,1,20:20,2-Sep-23,23:40,2-Sep-23,03 20
Severe Typhoon,HAIKUI,1,4:40,4-Sep-23,21:40,5-Sep-23,41 00
Severe Typhoon,KOINU,1,21:40,4-Oct-23,17:40,6-Oct-23,44 00
Severe Typhoon,KOINU,3,17:40,6-Oct-23,12:40,8-Oct-23,43 00
Severe Typhoon,KOINU,8 NE,12:40,8-Oct-23,19:00,8-Oct-23,06 20
Severe Typhoon,KOINU,9,19:00,8-Oct-23,23:50,8-Oct-23,04 50
Severe Typhoon,KOINU,8 NE,23:50,8-Oct-23,11:40,9-Oct-23,11 50
Severe Typhoon,KOINU,3,11:40,9-Oct-23,14:40,9-Oct-23,03 00
Severe Typhoon,KOINU,1,14:40,9-Oct-23,16:20,9-Oct-23,01 40
Tropical Storm,MALIKSI,1,17:40,30-May-24,16:40,31-May-24,23 00
Tropical Storm,MALIKSI,3,16:40,31-May-24,16:40,1-Jun-24,24 00
Tropical Storm,MALIKSI,1,16:40,1-Jun-24,17:40,1-Jun-24,01 00
Severe Tropical Storm,PRAPIROON,1,22:40,20-Jul-24,12:20,22-Jul-24,37 40
Super Typhoon,YAGI,1,17:40,3-Sep-24,18:40,4-Sep-24,25 00
Super Typhoon,YAGI,3,18:40,4-Sep-24,18:20,5-Sep-24,23 40
Super Typhoon,YAGI,8 NE,18:20,5-Sep-24,12:40,6-Sep-24,18 20
Super Typhoon,YAGI,3,12:40,6-Sep-24,4:20,7-Sep-24,15 40
Typhoon,TRAMI,1,1:40,25-Oct-24,10:40,26-Oct-24,33 00
Typhoon,TRAMI,3,10:40,26-Oct-24,22:20,26-Oct-24,11 40
Typhoon,TRAMI,1,22:20,26-Oct-24,0:20,27-Oct-24,02 00
Super Typhoon,YINXING,1,12:40,8-Nov-24,15:40,9-Nov-24,27 00
Super Typhoon,YINXING,3,15:40,9-Nov-24,10:20,10-Nov-24,18 40
Super Typhoon,YINXING,1,10:20,10-Nov-24,15:20,10-Nov-24,05 00
Typhoon,TORAJI,1,22:20,11-Nov-24,14:40,13-Nov-24,40 20
Typhoon,TORAJI,3,14:40,13-Nov-24,23:10,13-Nov-24,08 30
Typhoon,TORAJI,8 NE,23:10,13-Nov-24,10:20,14-Nov-24,11 10
Typhoon,TORAJI,3,10:20,14-Nov-24,22:20,14-Nov-24,12 00
Typhoon,TORAJI,1,22:20,14-Nov-24,1:20,15-Nov-24,03 00
Super Typhoon,MAN-YI,1,6:40,18-Nov-24,22:10,19-Nov-24,39 30
